,Name,DOB,Gender,Father_Name
0,LaÃ¯li Dar,19/01/1995,Male,Arun Sridhar
1,Gomati Ramanathan,5/9/1998,Female,Dilip Gokhale
2,Avanti Rout,26/08/1982,Male,Deodan Patel
3,Aruna Jha,10/11/2018,Female,Mohan Khurana
4,Adhik Dara,21/04/1973,Male,Chandraradj Sem
5,Chanda Nagi,30/05/1971,Female,Karna Guha
6,Karishma Wable,6/11/1995,Female,Mahavir Rana
7,Harshad Sarraf,8/4/2006,Female,Nitya Kannan
8,Lakshman Yadav,10/8/1971,Female,Madhavi Gara
9,Ajay Lall,14/11/2008,Female,Abhilasha Patla
10,Bhavana Date,23/01/2002,Female,Malati Batra
11,Mukesh Chacko,24/09/2009,Male,Krishnaraja Ramaswamy
12,Kshitij Vohra,9/6/2019,Male,Minali Jayaraman
13,Dilip Barad,23/10/1972,Male,Anila Thaman
14,Jeetendra Patil,17/07/2009,Female,Minali Prabhakar
15,Manju Goyal,7/6/2007,Female,Ashok Dubey
16,Jagjit Nagarajan,18/10/1979,Male,Jagannatha Deep
17,Gopal Raja,4/9/1987,Female,Keshavan Toor
18,Jagdish Narang,20/11/1998,Male,Kanaman Shroff
19,Drishti Bandi,13/12/1992,Male,Kanta Raval
20,Girisha Nadig,20/09/2007,Male,Dayanand Goel
21,Manjusha Dugar,12/7/1990,Female,Harsha Koshy
22,Deodan Bora,21/01/1974,Male,Itesh Kari
23,Aishwarya Dubey,22/04/2017,Female,Girisha Maharaj
24,Aparajita Rege,9/1/1993,Male,Kausalya Kala
25,Krishna Das,25/07/2009,Male,Adhita Ratta
26,Mohan Kunda,18/03/1979,Female,Dhaval Taneja
27,Dipak Golla,27/11/1973,Female,Manjika Bora
28,Aparajita Sem,18/01/1972,Male,Gopalkrishna Mutti
29,Kali Mani,8/9/1991,Male,Leela Sathe
30,Jitinder Narain,13/10/2016,Male,Mani Madan
31,Jayanta Luthra,8/7/1972,Female,Manjula Kulkarni
32,Kariyamna Swaminathan,6/5/1985,Female,Kumari Memon
33,Nidra Merchant,9/12/1982,Male,Divya Prabhu
34,Manisha Natarajan,28/06/1985,Female,Narayana Gala
35,Jayanta lastname,26/07/2006,Male,Nirmal Bhatia
36,Malini Goyal,10/9/1994,Female,LaÃ¯li Cherian
37,Lalit Bhagat,21/05/2000,Female,Kalika Meka
38,Gita Sehgal,12/3/1990,Male,Adita Sekhon
39,Mukesh Savant,14/05/2008,Male,Laxman Sood
40,Arya Srivastava,27/12/1980,Female,Arjuna Mukherjee
41,Jiva Mishra,23/07/2021,Male,Karuna Pingle
42,Daya Magar,8/1/1985,Male,Chandrakant Dave
43,Narayan Kunda,27/05/2000,Female,Anupam Dey
44,Durga Sant,15/08/1981,Male,Madhurya Venkataraman
45,Dipika Yadav,18/06/1970,Male,Chetan Sharma
46,Kalidasa Pai,3/11/1988,Male,Jaswinder Kashyap
47,Bhaskar Deshmukh,4/5/1985,Male,Nandini Chandra
48,Kumara Bhakta,24/10/2020,Female,Lilavati Nagy
49,Carpanin Chacko,4/9/1970,Male,Gita Mand
50,Kumara Dhaliwal,14/10/2013,Female,Carliaye Chanda
51,Kalidasa Misra,7/2/1990,Male,Lal Kothari
52,Madhurya Mehrotra,17/05/1973,Female,Drishti Soni
53,Chandra Sidhu,27/07/1992,Female,Avanti Mani
54,Kumari Sridhar,5/11/1986,Female,Dharmaradj Kamdar
55,Deodan Krish,6/3/1977,Female,Meena Jaggi
56,Aradhana Mand,29/06/1980,Male,Geevarghese Goswami
57,Anima Choudhary,19/10/1983,Female,Carma Prabhakar
58,Kashi Purohit,13/09/1970,Male,Jaswinder Gopal
59,Narayan Ray,23/07/1984,Male,Mounoussamy Goel
60,Kunti Khalsa,28/09/2004,Male,Jyoti Kapoor
61,Amrita Prakash,13/11/1983,Male,Kapil Verma
62,Mahesh Edwin,5/1/1995,Male,Deodan Mukhopadhyay
63,Ishvara Srinivasan,8/1/2012,Male,Karlaye Dutt
64,Darshan Babu,12/5/1994,Female,Kanti Chahal
65,Jayant Peri,28/08/2015,Male,Deepali Choudhry
66,DarmÃ¨sh Muni,10/1/1985,Male,Anandita Nair
67,Anjali Bajaj,25/10/1981,Male,Kamaradj Soni
68,Geevarghese Sule,22/10/2012,Female,Anand Bansal
69,Karna Sarna,13/08/2012,Male,Narayana Anand
70,Lochana Dugal,15/07/1972,Male,ï»¿firstname Shukla
71,Durga Gara,7/4/1978,Male,Damodar Behl
72,Jyotsna Savant,28/07/2011,Male,Kartikeya Banik
73,Asha Chaudhry,29/11/1973,Male,Kanchana Banik
74,Duleep Dugar,11/8/2020,Male,Inderpal Rao
75,Karlaye Minhas,6/12/1984,Female,Jaidev Badal
76,Inderpal Swamy,26/04/1994,Male,Aishwarya Natt
77,Jitender Bhatia,17/08/2003,Female,Ishwari Kamdar
78,Chandan Andra,4/12/2019,Female,Karan Muni
79,Jayashri Karnik,24/01/1980,Male,Agni Iyer
80,Indu Garde,3/3/1989,Female,Manju Bhatti
81,Harendra Rai,27/03/2018,Male,Brahma Sethi
82,Deepali Ravi,13/07/2000,Male,Nirmal Zacharia
83,Dayanand Nagarajan,22/09/2020,Female,Dipti Sekhon
84,Karuna Rao,20/05/1984,Female,Nala Chowdhury
85,Chanemouga Murthy,10/5/1988,Male,Nidra Mishra
86,Neha Dhar,11/11/2017,Male,Kama Soni
87,Mahendra Agrawal,13/11/2018,Male,Aparajita Vohra
88,Ajay Sarkar,29/10/1978,Female,Chandi Om
89,Avani Bhavsar,6/1/1996,Male,Draupadi Tandon
90,Jivan Rout,2/7/2008,Male,Nirmal Yogi
91,Anjali Pingle,21/12/1986,Male,Manisha Nair
92,Mohandas Bansal,24/06/1978,Female,Kistna Chaudhry
93,Devi Raval,15/11/1973,Male,Deepali Nayak
94,Lekha Kaul,15/09/2012,Female,Jaywant Morar
95,Adhik Karnik,3/6/2021,Female,Komari Krishnan
96,Jiva Chaudhari,17/01/1987,Female,Dipak Prasad
97,Esha Garde,9/10/1989,Male,Amrita Sundaram
98,Manju Bala,5/10/2006,Female,Damayanti Dhillon
99,Aradhana Meda,13/10/2009,Female,Jivan Kari
100,Carliaye Wadhwa,18/08/2007,Female,Carma Sachar
101,Gitika Garde,18/02/2009,Female,Anish Manne
102,Kichenin Lanka,28/09/2006,Female,Arjun Sethi
103,Nitia Kashyap,27/10/2014,Male,Komari Shere
104,KanyÃ¢-Koumari Nath,6/5/1982,Male,Mira Verma
105,Abhay Gara,18/10/1974,Female,Mahavira Master
106,Manjula Sarkar,16/07/1971,Male,Drishti Amble
107,Lakshmana Kaur,15/11/2013,Female,Ishvara Raval
108,Anila Mehrotra,9/11/1972,Male,Harish Sandal
109,Madhu Oza,13/07/2002,Female,Lalitha Patel
110,Govind Nagar,7/6/1998,Male,Madhu Rana
111,Devdas Singhal,20/03/1978,Female,Devayanne Sachar
112,Kariyamna Savant,11/4/2015,Male,Om Bahl
113,Kajal Sani,2/9/2019,Female,Manjika Singh
114,Ananta-Sesa Sha,6/9/1986,Male,Dilip Devi
115,Gitika Kamdar,17/09/2003,Female,Kishan Anand
116,Mahesh Subramanian,28/03/1985,Female,Mahinder Sanghvi
117,Ajith Dutt,27/01/1978,Female,Dipika Mallick
118,Arjuna Tiwari,30/01/2014,Female,Jitendra Bora
119,Anuja Purohit,13/05/1974,Male,Jagdish Merchant
120,Chanemougam Bandi,5/12/1971,Male,Kishen Pillai
121,Nikhila Sankaran,16/03/1981,Female,Kiran Madan
122,Manisha Chauhan,24/01/1999,Female,Deva Naidu
123,Leka Handa,22/06/2011,Male,Karlaye Amble
124,Chanemouga Bhardwaj,4/8/1998,Female,Mahendra Bhalla
125,Narendra Savant,20/07/1999,Male,Kishore Kota
126,Ishvara Wagle,5/4/2016,Female,Jayanti Dixit
127,Anant Kumer,9/2/2009,Female,Manish Pau
128,Lalitha Baria,20/06/2020,Female,Kamala Ram
129,Harisha Patel,9/6/1971,Female,Lalit Ganguly
130,Lochan Hora,20/05/1983,Male,Kalinda Nazareth
131,Devi Virk,30/11/2011,Male,Aniruddha Deol
132,Dharmaradj Boase,14/04/2017,Male,Divya Kohli
133,Gopika Yadav,4/4/2007,Male,Jayendra Wali
134,Mahendra Jha,22/07/1976,Female,Kapil Shetty
135,Ajeet Gandhi,9/6/2003,Male,Bhavana Patla
136,Devika Pau,25/09/2020,Female,Jaywant Subramaniam
137,Kichenin Rao,25/02/1976,Male,Kirti Oza
138,Mahavir Mehta,6/12/1987,Male,Murali Pandey
139,Kariyamna Sant,31/10/1995,Female,Kichenin Ghosh
140,Kalinda Chand,16/08/1990,Male,Kama Raman
141,Devaraja Zachariah,27/01/2001,Male,Devdan Yohannan
142,Lochana Halder,4/1/1985,Male,Mogaya Johal
143,Lekha Lalla,28/04/1978,Female,Kamini Sani
144,Jiva Batta,23/06/2017,Male,Ila Rattan
145,Indrajit Dutt,23/05/2004,Male,Malini Dass
146,Dayanand Palla,16/09/1980,Female,Anil Choudhury
147,Minakshi Butala,24/10/2008,Female,Lochan Ray
148,Govind Devi,1/1/2006,Female,Karliaye Sastry
149,Kala Bhavsar,21/07/1970,Male,Leela Kuruvilla
150,Antrija Dayal,13/04/1976,Male,Krishnin Buch
151,Karan Chakraborty,13/02/2015,Male,Jaidev Sachar
152,Ankita Chowdhury,26/05/1970,Male,Jitendra Shenoy
153,Lallida Wason,22/02/1995,Female,Daya Mishra
154,Nirmala Soman,4/1/1978,Male,Chandan Sabharwal
155,Kalika Parekh,28/04/1993,Male,Darshan Madan
156,Kadrivel Jayaraman,19/10/2006,Female,Krishnaraja Mehan
157,Kesavane Baral,1/10/1983,Male,Abhay Menon
158,Amrit Nair,17/09/2012,Female,Ishvara Pau
159,Manu Chakraborty,12/10/2012,Male,Kirtida Kapoor
160,Isha Naidu,9/1/1991,Female,Ajeet Bhagat
161,Bishen Char,10/12/1999,Female,Kishen Parsa
162,Mitul Nazareth,29/11/2002,Male,Dev Minhas
163,Jayanti Basu,28/07/1988,Male,Chiranjeevi Kata
164,Kanilja Mohanty,28/08/2002,Female,Baladeva Sahni
165,Mahavir Upadhyay,5/9/2014,Male,Indu Deo
166,Gowri Bhatti,23/02/1976,Female,Gopika Thakur
167,Laxman Gill,30/12/2007,Male,Gitika Ranganathan
168,Leela Chakrabarti,2/7/2002,Male,Drishti Chakrabarti
169,Amita Mangal,8/6/2019,Male,Madhur Gera
170,Kshitij Raj,10/8/1995,Female,Hamsa Basak
171,Lila Swamy,2/1/1994,Female,Adita Borah
172,Nala Bedi,17/01/1974,Male,Ajay Ganguly
173,Mala Bail,25/06/2007,Female,Nitin Mangal
174,Carpanin Biswas,18/12/2008,Male,Dipa Shah
175,Malati Bhatnagar,26/03/1977,Male,Nala Pandit
176,Madhukar Tak,19/12/2010,Male,Appassamy Aurora
177,Drishti Din,4/8/2016,Female,Laxmi Gaba
178,Anantha Dugal,7/5/1977,Male,Neha Bal
179,Kiran Malhotra,4/2/1977,Male,Gopalkrishna Sehgal
180,Niraj Shah,30/09/2018,Male,Jitinder Gera
181,Anand Samra,12/4/1975,Female,Kumara Keer
182,Anantee Chander,15/12/2003,Female,Kishor Majumdar
183,Gopalkrishna Bawa,8/4/2016,Male,Lalita Mehra
184,Kalyan Mital,20/11/1981,Male,Nataraj Wagle
185,Jaswinder Korpal,7/3/2018,Female,Brijesha Ramesh
186,Mayur Doshi,22/11/2014,Male,Nagendra Gaba
187,Jayant Nadig,14/10/2014,Female,Devraj Ranganathan
188,Aravind Swamy,25/10/2013,Female,Chandi Bose
189,Ishwari Borah,21/08/2001,Male,Anupam Kumar
190,Harsha Chada,11/6/1994,Male,Mala Bawa
191,Gotam Barad,9/1/2009,Female,Gauri Sagar
192,Kavi Kaul,25/05/2015,Male,Anand Singh
193,Jitender Atwal,24/07/1982,Female,Lakshmana Mani
194,Dipika Babu,23/11/2019,Female,Karliaye Bhattacharyya
195,Ashok Padmanabhan,12/3/1973,Male,Bhaskar Parmar
196,Narayan Sheth,24/03/2002,Male,Aditya Iyengar
197,Mayur Gulati,12/7/1990,Female,Akhil Viswanathan
198,Draupadi Sehgal,22/04/2016,Female,Anuja Goyal
199,Gopi Sule,25/07/1998,Male,Bharat Lal
200,Karuna Dewan,20/01/2011,Male,Mahendra Yadav
201,Dilip Chaudhari,14/10/2002,Male,Darshan Gera
202,Naouman Sibal,17/09/1994,Female,Kunal Golla
203,Madhukar Master,29/06/1982,Female,Nitika Chaudhry
204,Nila Rajagopalan,13/04/2003,Male,Ananda Balay
205,Darshan Gera,7/3/2011,Female,Manjula Pandey
206,Anupama Malhotra,1/11/1997,Male,Arun Kata
207,Kailash Srivastava,15/04/2009,Female,Nikhila Tak
208,Karishma Bahl,28/07/1974,Male,Aditya Parsa
209,Bhavani Mane,28/07/2004,Male,Mukta Date
210,Dharma Ganguly,12/12/1983,Female,Ajith Sethi
211,Kevala Rege,8/5/2016,Male,Indu Nagy
212,Indrajit Mohanty,25/03/2001,Female,Harshal Kaur
213,Jyotsana Rout,17/02/2020,Female,Mohinder Subramanian
214,Anima Dasgupta,28/04/1992,Female,Abhilasha Prashad
215,Damayanti Kota,22/02/1991,Female,Jaywant Savant
216,Djayssen Dasgupta,26/12/1980,Male,Devdan Kata
217,Lila Lall,7/3/1997,Male,Kanti Maharaj
218,Arya Brahmbhatt,27/07/1987,Female,Kasi Goyal
219,Gopinath Hora,17/07/2003,Male,Damayanti Batra
220,Nila Hans,2/1/1970,Male,Chandan Narasimhan
221,Nikhila Nagi,19/11/2004,Male,Gita Modi
222,Inderjit Kari,22/01/1994,Male,Kirtida Andra
223,Darshan Devan,17/06/1970,Male,Devraj Biswas
224,Kunti Pathak,25/03/1998,Male,Madhavi Narayanan
225,Hamsa Zacharia,19/10/2012,Male,Madhavi Cheema
226,Madhur Dass,4/1/1996,Male,Keshava Mehan
227,Minatchy Setty,2/7/1970,Male,Abha Master
228,Chandan Dugar,3/4/2004,Female,Kama Purohit
229,Akanksha Natarajan,13/11/2004,Female,Kumar Sankar
230,Hamsa Oommen,13/10/1999,Female,Keshava Malhotra
231,Lakshman Choudhary,28/07/1978,Male,Carliaye Mangat
232,Kishore Khurana,30/03/1992,Male,Adita Mehrotra
233,Nil Tata,15/07/2020,Female,Isha Sen
234,Govinda Sinha,19/09/1999,Female,Kunala Kohli
235,Minali Ranganathan,20/02/1982,Female,Laxmi Shah
236,Kasi Ramanathan,22/12/1991,Female,Gotama Gour
237,Inderpal Chauhan,14/08/1980,Female,Mukul Din
238,Mohandas Rai,10/8/1999,Male,Jayendra Prakash
239,Anima Kunda,4/12/2008,Male,Anish Cherian
240,Lallida Choudhury,11/1/1990,Male,Chitra Sekhon
241,Arjuna Thakkar,22/02/1988,Male,Amit Borah
242,Djayssen Prabhakar,15/09/2002,Male,Jayani Mehrotra
243,Mohinder Suresh,4/2/2005,Male,Dipaka Basak
244,Harendra Goyal,22/10/1993,Male,Ganesh Prabhakar
245,Akanksha Kapoor,12/6/1980,Male,Chitra Shroff
246,Gopala Manda,17/11/1986,Male,Divya Shroff
247,Lalita Merchant,14/08/2021,Female,Kasi Dutta
248,Inderjit Mann,15/01/2021,Male,Deepti Bir
249,Nandini Sampath,3/6/1975,Female,Ganapati Barman
250,Narayana Taneja,19/02/2019,Male,Chandana Sibal
251,Darshan Barman,19/06/1993,Male,Ankita Kari
252,Gautama Bajwa,16/11/1972,Female,Ankita Chakraborty
253,Harendra Cheema,25/11/1983,Male,Kishor Gopal
254,Nirmal Kumer,14/08/1991,Male,Anil Bhargava
255,Govinden Karan,26/09/2012,Male,Mahesh Khanna
256,Mukesh Mand,9/5/1982,Male,Bala Keer
257,Ilanila Nadig,4/8/1980,Female,Chetan Setty
258,Kariyamna Oak,29/07/1987,Female,Mala Kulkarni
259,Kaur Sodhi,7/10/1994,Female,Bharata Dhingra
260,Deo Patil,20/05/1989,Male,Mukesh Brar
261,Kavi Mangal,27/03/1986,Female,Keshavan Agrawal
262,Damayandi Peri,19/01/1980,Female,Jagannath Sandhu
263,Nagendra Saha,6/7/1987,Female,Nithya Bhatia
264,Kama Sha,5/3/2018,Male,Nirav Yadav
265,Bharat Menon,4/2/2005,Female,Arjun Ganesh
266,Indrani Solanki,12/8/2008,Male,Devika Gade
267,Kishori Samra,17/01/1989,Female,Adesh Narain
268,Gopinatha Jaggi,24/08/1992,Male,Jayanta Shankar
269,Lata Ramachandran,20/10/1981,Female,Ajeet Gera
270,Kausalya Ravi,2/1/1996,Male,Govind Krishna
271,Mounoussamy Mohanty,3/5/2019,Male,Nirupama Saxena
272,Ashoka Iyengar,4/1/1971,Male,Ashoka Rai
273,Chiranjeevi Sunder,17/08/1980,Male,Manu Sinha
274,Darshan Naidu,2/4/1980,Female,Kalidasa Chauhan
275,Dourgavati Dixit,13/05/2016,Male,Jarita Mukhopadhyay
276,Ananta Prabhu,13/10/1971,Female,Karliaye Chatterjee
277,LaÃ¯li Raghavan,1/11/2005,Male,Jiva Doctor
278,Kapila Mand,15/07/2017,Female,Nikhila Banerjee
279,Mahavira Bajaj,30/07/1973,Male,Deo Korpal
280,Kanchana Sibal,17/05/2020,Male,Amita Banik
281,Jyotsna Balay,8/2/1973,Male,Mukta Sagar
282,Gautam Varghese,10/3/2013,Female,Lallida Bandi
283,Brijesha Bhakta,11/9/1990,Female,Carpanin Nayak
284,Lutchmayah Ratta,25/10/1972,Female,Harisha Kothari
285,Gitika Lata,19/02/2010,Male,Jagjit Khare
286,Indrajit Garg,4/4/2006,Female,Duleep Vaidya
287,Mitul Luthra,21/08/2020,Male,Adita Handa
288,Jagjit Gour,5/1/1992,Male,Lallida Chakraborty
289,Murali Sunder,8/7/2004,Female,Neela Kant
290,Madhurya Bhasin,30/08/2017,Female,Gayatri Krishnamurthy
291,Bhavana Tank,15/08/2010,Male,Nirav Naik
292,Minali Halder,4/1/2017,Male,Anupam Bhatnagar
293,Mohandas Koshy,20/09/2009,Male,Kiran Oza
294,Narayana Goda,18/02/2009,Male,Kaur Radhakrishnan
295,Kailash Kurian,28/09/1983,Female,Gobind Rama
296,Jayani Wable,18/06/1990,Female,Chandi Chanda
297,Aditi Rajan,30/09/2009,Male,Buddha Chand
298,Kanchana Patla,19/06/1995,Male,Kamala Bhatnagar
299,Archana Dhillon,2/12/2009,Male,Karna Sridhar
300,Keshavan Vala,13/04/2003,Male,Mukesha Wagle
301,Mohana Bobal,25/05/1974,Male,Hamsa Wable
302,Ladha Krishnan,28/11/2007,Male,Nirmal Butala
303,Laxman Barad,10/5/1978,Male,Neelam Kata
304,Madhukar Jaggi,14/11/1992,Female,Devmani Dar
305,Ajit Roy,8/3/1971,Female,Ninad Dhaliwal
306,Kirtida Sandal,20/08/2015,Female,Arya Zacharia
307,Nagendra Handa,29/01/2019,Female,Lutchmayah Saxena
308,Harshad Kurian,11/12/2018,Male,Minakshi Badami
309,Ananta-Sesa Johal,9/2/2000,Female,Ananth Meka
310,Darshan Kapadia,28/06/1985,Female,Kumar Bhakta
311,Jagannatha Dayal,7/3/1984,Male,Gayatri Mitra
312,Kalidas Krishna,15/11/2011,Female,Aradhana Dave
313,Neela Bala,25/10/1980,Female,Lajili Handa
314,Nirav Barad,4/2/1997,Male,Kalyana-ShraddhÃ¢ Ramaswamy
315,Aravind Chhabra,2/6/2010,Male,Jyotsana Bhalla
316,Narendra Dugal,16/03/2004,Female,Kunti Bose
317,Ananden Patla,16/09/2012,Female,Madhav Agarwal
318,Akanksha Edwin,15/09/1979,Male,Anandi Ram
319,Archana Badami,10/7/1978,Male,Nitin Chaudhari
320,Abha Misra,11/5/1986,Female,Madhava Nath
321,Jyotsna Kalita,20/08/2002,Male,Mukta Sha
322,Duleep Murty,16/02/1972,Female,Devdas Atwal
323,Nitya Singhal,24/03/1977,Male,Arundhati Karnik
324,Meera Sethi,15/01/1979,Male,Aditya Rout
325,Harishankar Tripathi,28/06/1974,Female,Damayanti Cherian
326,Devdas Nair,30/06/2007,Male,Govinden Varma
327,Gopika Deol,20/07/1989,Female,Archana Narayan
328,Amrita Warrior,27/10/1986,Female,Dalini Chhabra
329,Narayan Garg,26/11/2007,Female,Kishen Pradhan
330,Nitika Sinha,1/5/2015,Male,Kumar Nayak
331,Lallida Rajagopal,18/11/1979,Male,Anjali Peri
332,Gopal Swamy,4/7/2002,Female,Keya Dhingra
333,Krishnin Dara,16/08/1999,Male,Bhaskara Deo
334,Godavari Sandal,15/05/2017,Female,Nirupama Mital
335,Dipika Verma,26/12/1992,Female,Nala Chakrabarti
336,Ananda Sagar,5/9/1994,Male,Jarita Soni
337,Mukesha Pillay,23/01/2011,Male,Damayandi Bala
338,Mogaya Munshi,14/03/1994,Male,Kaveri Mall
339,Harisha Sandal,27/02/1988,Female,Ajit Gera
340,Jarita Sidhu,14/10/1993,Male,Jiva Sarna
341,Mani Koshy,7/5/2020,Male,Abha Garde
342,Koumari Desai,8/10/2003,Male,Gowri Chaudhari
343,Ila Mahal,8/4/2017,Male,Kessavamohane Mani
344,Ilango Kala,13/08/2012,Female,Kumaren Sarma
345,Kalyan Meka,4/8/2009,Male,Anandi Ratti
346,Malini Kalita,27/01/2012,Female,Niraj Dugal
347,Cooldeepac Bedi,22/02/1976,Male,Godavari Aurora
348,Divya Shukla,13/10/1978,Male,Chetan Sahota
349,Lakshman Maharaj,30/11/2015,Male,Murugan Amble
350,Lata Chaudhari,16/01/1976,Male,Agni Sangha
351,Madhurya Parsa,3/9/2001,Male,Dourgavati Varty
352,Jaidev Agate,22/05/2012,Female,Madhukar Rama
353,Drishti Chakrabarti,12/3/1991,Female,Dipti Sodhi
354,Maninder Warrior,3/8/2002,Male,Nataraj Lad
355,Govinda Rai,25/12/1974,Female,Dayaram Boase
356,Devayanne Bal,28/02/2005,Male,Geeta Om
357,Lochan Som,17/05/1974,Female,Narinder Jha
358,Damodar Varughese,17/08/1990,Male,Carpanin Kota
359,Kamaradj Panchal,7/5/1979,Male,Duleep Nayak
360,Damodara Ganguly,2/10/1988,Male,Neela Khalsa
361,Chanemougam Shan,10/3/1973,Male,Madhur Trivedi
362,Mira Krishnan,9/3/2006,Male,Nandini Kohli
363,Nikhil Boase,11/1/2018,Female,Abhay Desai
364,Djayssen Basak,25/02/1972,Female,Gauri Nanda
365,Lekha Sarma,7/10/1999,Male,Jagannatha Swamy
366,Ajith Nagy,23/04/1997,Male,Chetan Jha
367,Lakshmana Lad,13/06/1977,Male,Gopi Narasimhan
368,Harisha Sidhu,3/12/1999,Male,Bhaskar Dhingra
369,Anupama Kant,19/07/2017,Male,Chitra Muni
370,Lutchmayah Kashyap,2/1/1977,Female,Adhik Parikh
371,Kali Gulati,10/2/2019,Male,Chander Shere
372,Jaya Chatterjee,13/07/1993,Female,Gobind Parsa
373,Dipti Palla,8/7/2010,Female,Kirtida Lata
374,Chatrapatty Rama,20/04/1993,Male,Darshan Kar
375,Brijesha Madan,11/9/1990,Female,Chandra-Kanta Konda
376,Nikhila Bahl,19/11/1970,Male,Mohini Sawhney
377,Kailash Mukhopadhyay,11/12/2016,Female,Dhananjay Chander
378,Damayanti Salvi,2/2/1992,Male,Arya Purohit
379,Mahavira Batta,28/01/2013,Female,Harishankar Gade
380,Kama Dhawan,24/05/1996,Female,Abhilasha Sur
381,Inderjit Bandi,1/9/2001,Male,Kamala Baria
382,Devdas Nagar,30/12/1971,Male,Damodara Majumdar
383,Anil Saha,27/10/1997,Male,Bhavana Palla
384,Jayendra Agarwal,27/11/1982,Female,Moryl Iyer
385,Devdan Chakraborty,25/05/1971,Male,Gopika Morar
386,Manjusha Mandal,10/12/1988,Female,Devaraja Brahmbhatt
387,Kausalya Garde,4/6/1992,Male,Kanti Jhaveri
388,Narayanin Lalla,23/05/2016,Male,Nandita Shetty
389,Kadrivel Swamy,29/08/2017,Male,Chetan Vaidya
390,Govinden Pillai,27/10/1985,Female,Nataraj Pandit
391,Harisha Doshi,7/9/2001,Female,Jagdish Sandhu
392,Kessavaperoumal Loyal,7/3/1975,Female,Anupam Hans
393,Asha Barman,23/12/2014,Male,Ankur Bhakta
394,Neela Prashad,14/01/1998,Male,Aniruddha Sachdeva
395,Aishwarya Mukherjee,25/10/2008,Female,Mohini Sahota
396,Ladha Minhas,14/10/2005,Female,Dev Butala
397,Nisha Dugal,15/04/1970,Male,Kumara Sabharwal
398,Lila Krishnamurthy,14/02/1992,Male,Karna Suri
399,Chandrakanta Warrior,29/04/1989,Female,Arya Mallick
400,Mandeep Saraf,22/12/1976,Male,Anand Kar
401,Anandha Reddy,11/1/2002,Female,Maninder Ganguly
402,Divyesh Goda,6/4/2009,Male,Jayanta Dara
403,Devaki Ram,21/08/2008,Male,Ilanila Hans
404,Carliaye Peri,22/08/2011,Male,Aditya Grewal
405,Esha Pant,29/03/2009,Female,Devika Oommen
406,Kirtida Sampath,24/06/1983,Female,Madhav Grewal
407,Ilanila Kanda,25/08/1992,Female,Inderjit Jain
408,Neelam Anand,12/9/1988,Female,Appassamy Shenoy
409,Adhik Saini,31/03/1995,Female,Kumaren Nair
410,Ankur Sur,1/1/2002,Female,Amit Choudhary
411,Kumar Kakar,17/02/2001,Male,Kadrivel Gokhale
412,Kesaven Nori,22/05/1979,Male,Devadas Parmer
413,Kishan Grewal,10/5/2014,Female,Chandi Ben
414,Dayanand Munshi,27/05/2011,Male,Dipaka Pal
415,Manju Mannan,17/04/2006,Male,Lal Mehta
416,Candravali Chokshi,28/03/1980,Male,Chiranjivi Zachariah
417,Mira Kapadia,16/06/1994,Female,Kishen Dhar
418,Ilango Minhas,18/09/1982,Female,Gotama Padmanabhan
419,Nil Nadkarni,16/11/2019,Female,Asha Balasubramanian
420,Dalini Pal,28/04/1990,Male,Chandraradj Johal
421,Narendra Swaminathan,14/12/2000,Female,Om Mani
422,Ishvara Garde,27/04/1980,Male,Drishti Sen
423,Kirti Dar,18/05/1985,Male,Anuja Maharaj
424,Anantha Varkey,12/7/1997,Female,Kessavamohane Tara
425,Maninder Bhalla,16/08/1998,Male,Ananth Bajaj
426,Kishori Taneja,18/10/1978,Female,Kadrivel Dhillon
427,Kasi Vora,18/07/1995,Female,Lallida Sura
428,Gitika Bhardwaj,31/08/2016,Male,Kali Ramanathan
429,Appassamy Prabhakar,27/08/2019,Female,Arya Munshi
430,Adhita Dalal,22/06/2005,Female,Lutchmayah Venkataraman
431,Ladha Lall,26/08/1989,Female,Kausalya Tara
432,Gopal Mohanty,22/04/1975,Male,Mohandas Varghese
433,Manisha Zacharia,29/01/1973,Female,Kanti Doshi
434,Damayandi Kala,26/06/1973,Male,Kalyana De
435,Djagarajen Dhar,9/9/1983,Male,Indra Kant
436,Indrajit Sem,20/12/2010,Female,Dayanand Narayanan
437,Arundhati Divan,19/05/2014,Male,Hemachandra Bhatia
438,Nitin Tandon,12/1/1994,Female,Dinesh Joshi
439,Mira Vyas,24/11/1982,Female,Kanilja Soni
440,Carma Kumar,25/02/2014,Female,Damayanti Garde
441,Neha Kari,6/2/2004,Male,Kashi Balakrishnan
442,Devi Sen,15/09/2007,Male,Kishor Kapoor
443,Devayanne Kunda,18/11/1972,Female,Aditya Narayanan
444,Manickam Bandi,14/06/2017,Male,Anandha Nori
445,Kapila Randhawa,12/12/1976,Female,Kishor Rattan
446,Kalyan Mathur,22/04/1997,Female,Buddha Sahota
447,Esha Sharaf,22/03/1977,Male,Lalitha Jha
448,Anjali Matthai,5/3/2020,Male,Lallida Edwin
449,Jayant Singhal,24/05/1983,Male,Kalyana Chowdhury
450,Kistna Sarna,7/8/1984,Female,Mounoussamy Mohan
451,Brijesh Date,11/8/2010,Male,Lila Pillai
452,Jyotsna Mehrotra,15/04/1999,Female,Lavanya Srinivasan
453,Indu Deshpande,25/01/1987,Female,Lalit Zachariah
454,Aditya Dhar,23/12/2011,Female,Diti Char
455,Neela Anand,7/10/1989,Female,Dipika Chakrabarti
456,Brijesha Thaman,11/11/2018,Male,Laxmi Chopra
457,Kanchana Aggarwal,15/01/1979,Female,Gita Dave
458,Kajal Mani,24/08/1985,Male,Manish Nair
459,Kailash Solanki,11/5/2007,Male,Gobind Batta
460,Arundhati Saxena,26/10/1981,Female,Jeetendra Iyer
461,Harishankar Pandit,2/4/2009,Female,Mohandas Nazareth
462,Jayanta Lala,17/12/1970,Male,Aseem Shukla
463,Chiranjivi Bains,1/7/1972,Female,Kanda-Koumarane Saxena
464,Djeyam Patla,23/05/2013,Male,Indu Vala
465,Harshal Malhotra,16/07/2014,Female,Carma Doctor
466,Aruna Walia,30/11/1979,Male,Jeetendra Char
467,Mayur Kota,15/11/1983,Female,Kavi Srinivasan
468,Anantha Muni,16/08/2012,Male,Murali Varghese
469,Harshal Mahajan,29/03/1970,Male,Devdan Bassi
470,Nilima Sarraf,15/12/1976,Female,Chandi Parikh
471,Nitia Mane,30/11/1977,Male,Inderpal Bala
472,Chandrakanta Tak,17/07/1988,Female,Deo Datta
473,Kunala Aggarwal,25/02/2015,Female,Arjun Chaudhuri
474,Laxmi Bhavsar,20/03/2000,Male,Kessavaperoumal Dave
475,Lekha Murthy,24/03/1970,Female,Kalika Chandran
476,Murugan Saini,25/03/1982,Male,Niraj Wagle
477,Om Chand,12/3/2010,Male,Krishna Malhotra
478,Mounoussamy Dhawan,9/4/2006,Female,Dilipa Saha
479,Kalyana Lad,6/8/1988,Male,Inderjit Pillai
480,Anila Bera,24/03/2002,Male,Mahesh Goda
481,Cooldeepac Saini,11/6/2015,Female,Amrit Varkey
482,Chander Madan,21/10/2007,Male,Madhuri Parsa
483,Harshal Mody,2/4/2000,Female,Nilima Gopal
484,Bakula Patil,1/3/2004,Male,Brijesh Dave
485,Carma Vig,21/02/1977,Female,Gopika Behl
486,Madhukar Meka,16/04/1987,Male,Neha Anand
487,Mukta Sankaran,22/02/1974,Male,Gobind Kuruvilla
488,Gopala Chadha,1/2/1972,Female,Narayan Mangal
489,Madhukar Bala,3/9/2001,Female,Bharat Chakrabarti
490,Gautam Sandal,18/03/2000,Female,Bagavathy Seth
491,Amar Subramanian,18/10/1992,Male,Devdan Grover
492,Madhu Manne,25/05/1995,Male,Anil Mahal
493,Kajal Verma,14/02/2011,Male,Madhavi Ganesan
494,Nila Sahota,26/07/1993,Female,Devaki Garg
495,Harsha Soman,24/04/2016,Male,Madhuri Dora
496,Nalini Pal,7/8/1974,Male,Nithya Meda
497,Kalyana-ShraddhÃ¢ Mukherjee,6/6/1981,Male,Aparajita Divan
498,Lavanya Goel,31/07/1972,Female,Aditi Boase
499,Dipti Rattan,21/07/2020,Female,Ganesha Kaur
